Unique ID,Parent ID,Depth,Username,Post Karma,Comment Karma,Achievements (Flair),Number of Awards,Comment,Upvotes
1,,0,AutoModerator,1000,1000,None,0,"We kindly ask /u/zaicliffxx to respond to this comment with the prompt they used to generate the output in this post. This will allow others to try it out and prevent repeated questions about the prompt.

^(Ignore this comment if your post doesn't have a prompt.)

***While you're here, we have a [public discord server](https://discord.gg/NuefU36EC2). We have a free Chatgpt bot, Open Assistant bot (Open-source model), AI image generator bot, GPT-4 bot, Perplexity AI bot.***

####[So why not join us?](https://discord.gg/r-chatgpt-1050422060352024636)

PSA: For any Chatgpt-related issues email support@openai.com. 
####[ChatGPT Plus Giveaway](https://www.reddit.com/r/ChatGPT/comments/127p9cx/chatgpt_plus_subscription_giveaway_worlds_1st/) | [Prompt engineering hackathon](https://www.flowgpt.com/hackathon)


*I am a bot, and this action was performed automatically. Please [contact the moderators of this subreddit](/message/compose/?to=/r/ChatGPT) if you have any questions or concerns.*",1
2,1,1,zaicliffxx,28070,60174,None,0,notice how when gpt-4 came out there is a downward trend on stack overflow,1
4,,0,Extraltodeus,25454,30227,Moving Fast Breaking Things ðŸ’¥,0,"Yeah it's more to the point.

Plus I find google to be less and less on point regarding programming. For a while it would give me what I was looking for but now the first results are fucking tutorial websites with ads and full-screen ""accept our cookies"".",2
